passenger_id,first_name,last_name,gender,date_of_birth,country_of_citizenship,country_of_residence,passport_number,created_at,updated_at
1,Rex,Peirazzi,Male,1958-04-07 19:11:05,Japan,Australia,21768602x<*hf@,2025-07-25 18:20:20,2025-03-26 14:17:05
2,Howey,Trenam,Male,1928-05-29 17:44:03,Iran,Ukraine,88098817N&m.<},2025-08-31 14:09:41,2025-03-12 21:13:11
3,Kristos,Mellmoth,Male,1964-03-14 10:33:16,Philippines,Zimbabwe,47734863I<0ER}m,2025-01-15 09:40:50,2025-04-02 03:43:30
4,Lynnette,Aubin,Female,1921-11-09 22:44:56,Russia,Japan,29498048,2025-02-09 17:24:33,2024-10-21 12:20:34
5,Elbert,Sewter,Male,1990-08-09 16:32:06,Indonesia,Indonesia,98306228o,2024-11-11 21:39:47,2025-05-08 03:11:27
6,Amerigo,Masterton,Male,1985-10-07 18:43:20,Canada,Indonesia,57005065uGems,2025-01-19 08:50:55,2025-07-22 20:43:19
7,Pren,Geddes,Male,1925-05-16 10:18:07,China,Indonesia,95058687.4,2025-03-03 23:08:41,2025-06-21 02:45:30
8,Aloysia,Castillo,Female,1994-11-14 07:02:24,Philippines,Argentina,489242357|K}Hu,2025-03-15 20:25:53,2024-10-26 04:56:01
9,Elset,Witherby,Female,1923-03-21 21:49:28,China,Macedonia,95709935,2025-05-11 00:09:33,2025-05-27 14:59:25
10,Cale,Berndsen,Male,1928-04-02 09:12:28,Sri Lanka,Peru,06658226>z,2025-06-30 18:14:48,2024-12-26 16:25:10
11,Fiorenze,Wiz,Female,1921-09-27 05:08:56,China,Japan,60748845w\k,2024-12-01 16:21:51,2024-10-15 21:57:42
12,Brigida,Lukovic,Female,1961-02-21 12:54:53,Peru,Macedonia,59414780xa,2025-09-20 17:27:33,2025-05-11 00:19:48
13,Claudine,Goldingay,Female,1962-01-17 23:56:37,Honduras,Cuba,31756630~C(|B),2025-02-08 07:21:24,2025-03-10 05:25:09
14,Karita,Gregorin,Female,2004-01-20 04:57:43,Peru,China,36071690m?,2025-09-08 13:23:43,2025-10-03 21:26:42
15,Fidelia,Burgh,Female,2008-10-13 01:56:01,China,China,"16608223/%l""G`)",2025-08-31 05:00:24,2025-04-12 09:44:17
16,Yolanthe,Cain,Female,1971-10-01 11:51:30,Sweden,Pakistan,"796844622wFwKE""",2025-01-08 13:43:39,2025-04-08 16:20:15
17,Constantino,Baumert,Male,1942-04-29 06:09:08,United States,Syria,87882692T5@n4p,2025-09-06 15:34:48,2025-04-07 00:47:03
18,Nickolaus,Pacquet,Male,1993-01-28 17:28:24,Czech Republic,Honduras,47625022R,2024-11-13 23:50:37,2025-10-14 09:48:59
19,Fowler,Conneely,Male,1995-12-25 16:50:20,Colombia,Afghanistan,88460752sqBtW,2024-12-23 14:53:53,2025-08-29 04:05:23
20,Lillian,Gibbonson,Female,1919-06-09 00:11:41,Serbia,Ukraine,80620689|(Qw,2025-03-22 11:17:56,2025-04-03 10:51:45
21,Mara,Anneslie,Female,1922-11-09 15:03:49,Poland,China,97562797{?=UG,2024-12-24 10:42:06,2025-04-30 10:34:57
22,Geri,Robertet,Male,1947-11-12 20:20:34,Poland,Poland,18502335S@&,2024-11-28 09:28:09,2024-12-26 04:23:15
23,Christoph,Blanchet,Male,1996-10-26 11:21:38,South Korea,Malaysia,64716597I,2024-12-14 05:12:23,2024-10-30 23:47:15
24,Etty,Venus,Female,1962-12-20 05:36:03,Finland,Democratic Republic of the Congo,094196794A,2024-11-23 21:23:19,2025-03-24 17:16:39
25,Brew,Bryer,Male,2014-01-13 06:14:02,China,Vietnam,"40620278gM,g5",2025-07-25 23:01:52,2025-05-02 05:06:33
26,Page,Shadrack,Female,1925-11-16 15:11:54,China,Serbia,"90526846i9""H062c",2025-03-30 20:51:59,2025-06-28 08:58:49
27,Beverley,Wines,Female,1960-04-09 21:46:34,China,Portugal,68538380<nh#,2025-03-13 16:07:55,2025-08-05 02:47:38
28,Tadeas,Hassen,Male,1960-02-04 22:26:31,United States,Democratic Republic of the Congo,87980962j=qi,2024-11-29 17:36:58,2024-11-28 19:46:47
29,Salomone,Skerratt,Male,1974-02-27 01:05:48,Canada,Peru,58478384v|y,2024-11-02 02:00:55,2025-06-08 23:05:35
30,Arney,Garrettson,Male,1942-01-15 16:47:44,Guatemala,Netherlands,70804180,2025-08-05 07:26:28,2025-06-20 11:01:42
31,Gianni,Grishanin,Male,1926-06-24 15:03:09,New Zealand,France,"37896692%,/C@",2025-07-27 22:16:46,2025-08-06 09:37:12
32,Ryan,Joannet,Male,2011-08-14 16:00:44,Madagascar,Cambodia,48121167y(m\h#p6,2024-12-19 16:44:46,2024-11-20 04:20:46
33,Yvon,Hearnes,Male,1943-09-30 17:48:01,South Africa,Albania,13248571s)j(7*tY,2025-04-29 22:41:00,2025-04-23 18:51:15
34,Jasmin,MacFadin,Female,1925-08-03 06:36:40,Brazil,China,"21029501O)Q""8C",2024-11-25 03:29:21,2025-10-14 15:56:40
35,Sophie,McWaters,Female,2007-05-03 16:26:00,Costa Rica,Kenya,119610910EFVoTR,2025-04-10 09:00:08,2025-02-04 13:01:15
36,Courtnay,Dickey,Male,1969-03-22 04:33:48,Philippines,Philippines,68398959#SoMZzV,2025-08-28 19:30:22,2024-12-20 17:03:24
37,Ted,Berr,Female,1931-06-02 16:04:24,Thailand,Bosnia and Herzegovina,91625048h$8Q=,2025-02-24 04:57:55,2025-04-08 05:25:10
38,Liza,Spencook,Female,1930-05-27 10:45:15,China,Bangladesh,31938607,2024-10-17 21:54:40,2025-07-06 23:04:12
39,Braden,Rennicks,Male,2007-03-25 08:53:28,Russia,Brazil,06952733O{wk6Q>+,2024-12-25 17:22:11,2025-06-23 15:21:10
40,Vina,Artis,Female,1923-09-01 19:11:47,Peru,Brazil,85502526b|5$,2025-03-12 01:06:20,2025-07-25 05:53:54
41,Carlye,Duke,Female,2008-07-15 04:25:20,Pakistan,China,42344083prVd6,2024-11-26 21:29:59,2025-07-14 07:00:54
42,Burton,McKinley,Male,1940-11-30 00:50:21,Brazil,Brazil,54077760N`,2025-02-02 02:59:50,2024-11-29 17:11:55
43,Pate,Robuchon,Male,1959-09-08 02:55:02,Sweden,Nigeria,22658957@4n,2025-06-07 13:15:57,2025-05-12 11:13:44
44,Maxine,Woodrooffe,Female,1931-11-08 01:27:14,Ukraine,Poland,60890272oy!L,2025-07-10 15:51:32,2025-07-28 09:49:08
45,Caprice,Ferrari,Female,1944-05-11 12:18:54,Brazil,Argentina,43057475.>'42,2025-09-20 11:31:15,2025-01-07 09:18:49
46,Farley,Creboe,Male,1979-11-13 23:09:21,Philippines,Ukraine,92700211*$M$,2025-01-03 08:16:40,2025-05-08 20:25:21
47,Antonino,McPharlain,Male,1998-02-15 04:32:15,Thailand,Ireland,"33479688=lb""<LP",2025-02-12 03:08:11,2025-06-23 10:01:43
48,Allina,Filipiak,Female,1955-01-31 12:44:41,Micronesia,China,31209372Y><#w6g,2025-07-18 23:54:54,2025-08-18 18:45:40
49,Paten,Sentinella,Male,2011-09-29 14:38:13,Greece,Bulgaria,68341082\&S{<3n,2025-01-08 01:44:50,2024-11-19 15:35:19
50,Linzy,Riggoll,Female,1999-07-07 20:20:38,China,Sweden,42360407,2025-04-20 04:21:05,2025-08-04 07:33:39
51,Em,Kinworthy,Female,1956-05-13 06:29:26,Indonesia,Indonesia,29629711Z6J,2025-04-25 17:07:55,2025-03-28 15:51:59
52,Brook,Dimitriou,Male,1998-06-02 12:10:57,Argentina,China,89279226?qC,2025-04-03 05:16:27,2025-09-04 10:10:50
53,Kahlil,Fingleton,Male,1973-06-18 13:12:53,France,Indonesia,91532780DPH8}U!c,2024-12-21 22:07:36,2025-02-22 05:18:33
54,Lorens,Vynoll,Male,1987-03-06 02:36:10,Thailand,Uganda,187529887Dj!m3,2025-06-30 05:19:19,2024-10-24 08:18:09
55,Buffy,Stukings,Female,1937-02-12 17:27:42,Sierra Leone,Philippines,39723000%_LNIUm,2025-04-20 03:23:41,2025-07-21 22:07:13
56,Stefa,Keyson,Female,1936-01-17 22:44:20,Vietnam,Russia,68251672+jK#,2025-04-06 06:31:04,2024-12-26 10:23:06
57,Lenci,Self,Male,1978-04-02 23:46:18,Ecuador,Madagascar,64287841QsHMJ>mi,2025-04-10 04:15:58,2025-03-20 13:46:53
58,Marsh,Tallet,Male,1949-03-14 05:06:14,Greece,South Africa,57767712,2025-04-14 21:25:43,2024-12-24 14:15:02
59,Ruthanne,Fardy,Female,1916-12-17 12:54:01,Poland,Brazil,69200276*F4,2025-05-08 22:16:27,2025-10-11 18:36:42
60,Agustin,Coveny,Male,1959-10-02 08:45:54,Tajikistan,Russia,04298144Fg,2024-12-28 01:41:06,2025-03-28 04:02:43
61,Lorne,Parris,Female,1955-01-16 00:46:59,Indonesia,Portugal,36500621GAS!M<{,2024-11-02 10:10:02,2025-09-16 02:04:21
62,Dominick,Prewer,Male,1995-02-10 01:05:49,Poland,Poland,13589358|bnx~,2025-07-13 18:15:31,2025-09-15 06:42:32
63,Ludovika,Bidgood,Female,1963-04-06 20:12:54,Poland,Malaysia,12815865n4L,2024-11-10 19:23:49,2024-10-18 09:02:59
64,Garald,Westberg,Male,1917-04-23 08:52:30,Thailand,Poland,55048531Lvox,2025-08-26 03:33:53,2025-02-15 15:31:31
65,Halsey,Malden,Male,1979-12-02 14:38:28,Brazil,Philippines,"61969175\&_""nysc",2025-02-20 17:14:20,2024-12-05 19:01:49
66,Minnaminnie,Obbard,Female,1999-01-14 14:42:35,France,China,77749683~SpyMj,2024-10-29 19:28:32,2025-08-19 13:07:08
67,Christoffer,Halfhead,Male,1939-10-16 16:21:39,United States,Ukraine,34171575WQRCb,2024-12-16 15:07:18,2024-10-24 18:39:27
68,Royal,Feetham,Male,2001-04-27 15:34:29,Slovenia,Albania,20217444,2025-10-03 17:04:05,2025-10-08 15:01:14
69,Wilek,O'Doohaine,Male,1935-03-07 16:57:20,Poland,China,66968571be)!Yz\,2024-10-17 09:54:26,2025-07-13 05:05:53
70,Mallory,Jerdan,Male,1985-10-18 23:28:09,Mexico,Netherlands,33456867v,2025-07-12 02:18:56,2025-01-05 15:36:55
71,Esma,Kearle,Female,1968-07-14 09:08:54,Poland,Thailand,74477474+/<JywNj,2024-11-08 12:09:23,2025-08-17 04:55:31
72,Madlin,Hurlston,Female,1971-09-12 18:54:08,Canada,Portugal,"34613704T,zOPLf",2025-06-25 18:29:36,2025-03-24 18:12:01
73,Lawrence,Delahunty,Male,1951-08-13 10:07:47,Armenia,Malawi,59886166ok,2025-02-21 01:44:02,2025-10-06 00:49:40
74,Cully,Crippell,Male,1984-03-22 04:46:30,China,Japan,223649468UUqc,2025-01-22 11:57:15,2025-03-10 12:47:01
75,Lyell,Ortzen,Male,1985-08-16 19:02:24,Indonesia,Brazil,95448942XVF,2025-04-06 20:51:58,2025-09-10 15:01:34
76,Bobby,Folli,Female,2024-08-18 10:06:32,Colombia,Indonesia,046899290ZP)Mu,2024-10-22 17:15:54,2025-09-19 09:20:54
77,Berna,Guilliatt,Female,1950-03-10 02:18:30,Russia,Macedonia,"53618373awh,m09",2025-01-19 20:57:29,2025-09-13 16:58:10
78,Janeva,Sammars,Female,1964-09-11 18:29:25,Indonesia,Japan,76207194+Pk+$CL,2025-09-05 05:42:06,2025-06-15 16:06:38
79,Wyn,Winsley,Male,2022-07-16 23:13:29,China,Brazil,"41086747k*iq""",2025-09-06 10:19:07,2024-12-31 17:40:02
80,Donovan,Addess,Male,1959-10-10 22:11:49,Luxembourg,Russia,12843258C7jVb&e,2025-08-02 05:50:45,2024-12-07 23:17:27
81,Marje,Heinicke,Female,1975-01-19 05:22:31,Albania,Portugal,01545911ZpB,2025-02-24 10:29:01,2025-05-29 09:07:14
82,Moselle,Banville,Female,1977-06-13 12:56:43,Japan,Indonesia,44127568%TQ7,2025-06-27 05:58:50,2024-12-05 07:22:26
83,Rosita,Claesens,Female,1966-02-26 09:46:50,Russia,China,57301325NP\k8F<,2025-02-14 00:58:41,2024-12-28 22:05:24
84,Jacqui,Artiss,Female,1964-11-14 05:44:28,Indonesia,Mongolia,117764006\W(l%,2025-06-14 23:39:51,2025-03-01 10:47:10
85,Greta,Thelwll,Female,2003-04-19 20:32:00,Peru,Puerto Rico,58659069Anuof,2025-03-23 22:29:59,2025-07-15 06:46:43
86,Belle,Fabbri,Female,1925-07-23 01:02:30,Czech Republic,Suriname,51575911>Q|6=/rD,2025-04-19 19:43:49,2024-10-16 18:33:42
87,Juditha,Ryde,Female,1981-04-20 09:33:05,Brazil,Thailand,84519301Of,2025-04-03 00:59:08,2025-06-06 16:47:51
88,Paxon,Marchant,Male,1990-11-05 15:15:13,Brazil,Nicaragua,03770393&r=Sh+8,2025-10-05 07:42:02,2025-08-18 04:34:18
89,Bridget,Briscam,Female,1983-06-19 20:57:16,Madagascar,China,80795448,2024-12-25 09:00:52,2025-08-26 05:42:31
90,Silvana,Huske,Female,1960-10-20 05:53:06,France,Rwanda,95643608\\?Krw,2025-07-04 17:41:49,2024-12-07 01:56:55
91,Kimbell,Kinworthy,Male,1917-03-27 21:23:49,Bulgaria,Peru,25254265n~}zxe,2024-11-06 17:18:41,2025-04-13 04:40:30
92,Loria,Managh,Female,2022-04-20 23:11:23,Poland,Brazil,15545398~//13f@B,2025-01-03 03:46:58,2025-03-12 14:45:33
93,Kaia,Obey,Female,2015-03-02 07:43:19,Russia,Indonesia,05811083DJ!1K|aU,2025-05-12 08:28:29,2025-02-25 09:23:29
94,Alisha,Merman,Female,1945-02-01 09:01:41,Poland,Indonesia,59729578FZq,2025-03-27 13:17:30,2025-04-17 04:25:37
95,Keslie,Muncer,Female,1924-04-29 16:07:38,Poland,Colombia,350755132`vh,2025-08-05 14:13:33,2025-03-09 20:39:29
96,Luciano,Oakwell,Male,1963-08-24 20:58:37,Indonesia,China,51013834t@,2025-05-31 04:32:07,2024-10-26 14:21:06
97,Allene,Maseres,Female,1935-09-03 13:22:59,Indonesia,Malawi,125662044m,2024-12-18 02:43:57,2024-11-14 04:43:37
98,Everard,By,Male,1990-02-27 08:13:06,Brazil,Central African Republic,30515254,2025-05-31 18:38:53,2025-01-12 04:26:33
99,Roanne,Legonidec,Female,1977-08-17 23:27:02,Japan,Ecuador,62177939*V|,2024-11-17 13:04:05,2025-07-15 09:48:06
100,Eustace,Sedgmond,Male,2011-03-21 18:00:59,Lebanon,Peru,69858243&TC+n$,2024-10-22 12:07:48,2025-06-22 00:59:05
101,Fabiano,Nutkin,Male,2002-10-07 16:55:15,Czech Republic,Uruguay,94937822BB,2025-06-21 20:22:21,2024-11-29 18:55:30
102,Tony,Hinken,Female,1936-07-30 06:00:01,Iran,Bulgaria,25290279|*`jC1,2025-05-30 21:37:35,2025-02-07 14:23:25
103,Galen,Thynn,Male,1957-11-09 14:32:13,Poland,Indonesia,77241435)Sk,2025-03-09 05:05:41,2025-01-21 08:19:04
104,Kellyann,Bolzmann,Female,1936-09-28 10:25:36,Armenia,Russia,79023042szRKt5!~,2025-10-12 03:38:21,2024-12-04 06:06:03
105,Valeda,Rossbrook,Female,1972-06-14 06:27:31,China,Spain,23311953TQ,2025-08-24 01:09:25,2025-04-15 15:38:12
106,Paxton,Tinsley,Male,1974-08-12 18:40:31,Thailand,China,49472398nA',2025-01-09 13:48:30,2025-09-28 15:16:04
107,Jillene,Vater,Female,2000-09-28 00:57:57,Cuba,Sweden,93639821F3,2025-09-22 12:54:11,2025-09-09 10:44:41
108,Trefor,Cavanagh,Male,1946-04-05 22:43:53,Ukraine,Indonesia,"77878374=aJN,T",2024-11-28 05:06:34,2025-04-18 20:15:38
109,Franciskus,Thomtson,Male,1979-03-25 16:53:55,China,China,900499447/'8MOEC,2025-02-19 08:55:30,2025-05-14 16:02:35
110,Arney,Squibbs,Male,1971-06-19 19:09:19,China,Czech Republic,20129827X9't\fQ>,2025-10-09 14:41:24,2025-09-08 10:09:22
111,Zuzana,Sheahan,Female,1915-06-22 09:58:22,Indonesia,Indonesia,68477266J,2025-05-25 00:12:53,2024-10-16 22:33:08
112,Jock,Reckless,Male,2008-11-11 12:22:14,Czech Republic,China,34992807M,2024-12-13 16:42:11,2024-11-09 05:00:42
113,Wilbur,Ten Broek,Male,1920-09-21 13:45:03,China,Marshall Islands,83899638ZeI>1/D,2024-12-26 19:28:30,2025-05-31 06:33:00
114,Dominga,Swetenham,Female,1936-05-19 04:51:20,Indonesia,China,12895165}KGVE6,2025-06-24 19:29:24,2024-10-30 01:32:01
115,Jacintha,Player,Female,1918-01-19 19:28:36,Greece,China,08801613/LA,2024-12-06 09:23:06,2025-09-19 00:35:29
116,Homere,Grisdale,Male,1974-10-30 08:00:58,Uganda,Mali,440440693n6Ih_,2025-03-25 21:16:27,2024-11-21 21:27:23
117,Daphna,Llewellyn,Female,1974-08-24 10:24:03,Ukraine,Philippines,57312645Ir0(Jv',2025-02-14 05:43:00,2025-08-22 01:09:02
118,Bert,Blune,Female,1997-03-04 03:10:38,Thailand,Colombia,76555836Jk',2025-01-04 16:02:25,2025-01-14 17:43:56
119,Alexio,Gillow,Male,1976-11-25 17:15:44,Palestinian Territory,China,195264134OZ},2025-02-24 14:45:25,2025-10-04 00:51:11
120,Yevette,Hargate,Female,2025-07-27 20:29:27,Russia,Indonesia,00571551QTDH$D,2025-05-24 03:39:53,2025-05-24 00:59:07
121,Lenna,Chipman,Female,1936-12-21 23:59:09,Haiti,France,63200921B#,2025-09-18 14:02:04,2025-04-02 17:45:49
122,Flory,Roby,Female,1943-07-16 22:28:40,Brazil,Ukraine,79790153P2zwg,2025-01-07 03:31:12,2025-04-04 02:05:26
123,Leese,Birnie,Female,1954-03-31 15:08:36,South Africa,Russia,74000785gnCmY,2025-07-26 06:35:00,2025-02-03 19:26:03
124,Minetta,Crowther,Female,2015-09-17 23:39:12,Norway,Philippines,49049378'0MB{,2025-01-23 05:48:50,2025-06-18 09:36:39
125,Gasper,Loney,Male,2001-04-19 00:04:50,Bolivia,Brazil,35411494,2024-11-09 20:23:44,2025-06-23 17:21:49
126,Pearla,Santacrole,Female,2015-09-18 00:32:03,Thailand,Philippines,"67392797se}h""5",2025-06-22 15:01:39,2025-06-25 13:53:41
127,Frederich,Bonsall,Male,1961-09-07 10:34:06,Mongolia,Brazil,11162833?0nd6uK,2024-10-28 15:51:05,2025-01-15 23:49:44
128,Dominik,Zahor,Male,1967-12-15 14:01:42,Syria,Russia,49964948_GXl@H,2025-07-06 02:22:23,2025-02-03 03:41:44
129,Jewell,Bisset,Female,2003-12-12 10:24:40,Colombia,China,22325753,2024-11-27 03:59:18,2025-03-02 11:10:35
130,Kyrstin,Steinor,Female,2011-09-16 10:18:22,Russia,Czech Republic,30119218))l.,2025-07-25 18:03:55,2025-01-01 16:21:20
131,Dominic,Argyle,Male,1916-01-04 08:58:46,Indonesia,South Africa,29375041I|Mk~o,2024-12-29 19:06:24,2025-06-11 02:40:41
132,Yvor,Hansard,Male,1946-06-14 21:21:23,Poland,China,02961738pr!m|,2025-02-09 18:47:08,2025-04-21 19:39:20
133,Rollo,Bikker,Male,1974-10-29 01:08:30,Belarus,Armenia,01890334M?x5!__,2024-10-24 10:39:58,2025-05-26 06:11:57
134,Gabriell,Eldrid,Female,1963-06-13 03:59:47,Indonesia,China,44156698y,2024-11-17 19:42:22,2025-04-18 11:28:46
135,Delphine,Chieze,Female,1970-11-21 19:55:27,Afghanistan,Luxembourg,02246876>*i,2025-06-04 10:56:17,2025-05-19 15:12:58
136,Emmet,Sedgwick,Male,2009-11-20 21:37:25,Indonesia,China,670471027JkB_<9,2024-12-27 15:25:19,2025-03-09 11:23:24
137,Vergil,Stoggles,Male,1980-05-07 23:19:36,France,Indonesia,"17143463f""rzGuOi",2025-09-23 01:09:14,2025-08-13 07:53:30
138,Lindsy,Laurenson,Female,2018-10-15 07:09:27,China,China,01346923,2025-08-01 10:38:57,2025-08-23 18:32:54
139,Ikey,McCorkell,Male,2018-02-09 15:13:37,China,Kazakhstan,85258054Os'2G,2025-05-24 18:23:43,2025-03-29 11:24:05
140,Kelcy,Bordone,Female,1983-06-06 07:12:08,Russia,Netherlands,97254220ng8Fs|g,2025-08-12 18:36:32,2025-04-08 03:29:25
141,Rodolfo,Ickovicz,Male,2019-04-08 01:07:07,United States,Indonesia,72454143jv1<L,2025-07-24 02:24:46,2024-10-26 22:34:51
142,Gilly,Sawney,Female,1942-03-31 23:55:01,Uganda,Indonesia,"24968468~x,Q",2025-01-23 05:38:01,2025-05-16 19:59:49
143,Fairlie,Blainey,Male,1983-06-19 13:17:44,Indonesia,China,035088262`9u<ofc,2025-08-25 13:14:07,2024-11-04 05:40:46
144,Roslyn,Blankley,Female,1933-09-07 09:19:19,Sweden,Portugal,34011506/VsU,2025-02-03 08:32:06,2025-08-28 13:55:13
145,Minerva,Bonelle,Female,1916-09-11 08:49:30,Australia,Greece,03430864yy>h,2025-03-03 05:59:11,2025-01-31 07:07:05
146,Mickey,Faccini,Male,1965-04-19 07:15:29,Indonesia,China,56623488p,2025-10-08 04:55:09,2025-06-05 12:37:14
147,Willetta,Otson,Female,1950-09-22 12:06:26,Cameroon,Russia,"61455589S|+4E_""G",2025-09-14 02:39:33,2024-12-27 23:18:41
148,Vinita,Empson,Female,1921-04-23 03:12:07,China,South Korea,981056378+JA5iU5,2025-04-16 17:32:21,2025-08-17 02:03:27
149,Prinz,Leither,Male,1925-05-08 13:56:00,Kazakhstan,Sweden,29558904l,2025-09-22 09:31:22,2025-07-22 21:04:24
150,Harper,Berndsen,Male,2000-06-10 16:10:01,Turkmenistan,Brazil,90595379GcV`<uSQ,2025-07-03 03:22:17,2025-09-29 11:44:32
151,Theresa,Gerhardt,Female,1935-05-19 02:28:25,China,Sweden,66719380,2025-08-03 21:22:07,2025-01-06 07:32:26
152,Kattie,Bust,Female,2009-03-30 08:38:33,Poland,Russia,35315607'f>,2025-04-05 13:48:09,2025-04-12 01:29:44
153,Kerrie,Udell,Female,1960-10-14 15:10:28,Czech Republic,Nigeria,96456836LKS=G,2024-12-21 05:55:01,2025-07-15 14:46:13
154,Tonia,Longfield,Female,1963-02-01 08:47:50,Portugal,Indonesia,08318617SRO<X9n3,2025-04-30 02:46:25,2025-06-20 03:20:16
155,Allison,Heugh,Female,2013-03-31 19:46:28,Indonesia,Indonesia,98552743XcHZO,2025-05-27 13:22:08,2025-09-21 14:05:13
156,Jade,Eke,Female,1960-10-20 14:44:32,Kenya,Honduras,47060969Y6~Z=Vo6,2024-10-30 19:10:44,2025-06-15 19:45:21
157,Dewitt,Totman,Male,1974-12-28 02:32:38,China,Philippines,14024054SsS,2025-07-09 19:24:53,2025-08-26 16:52:34
158,Alwyn,Aylwin,Male,1945-08-24 16:53:00,China,Czech Republic,62659073,2025-05-02 07:04:29,2025-03-31 07:36:15
159,Omero,Moggan,Male,1945-06-13 10:47:18,Sweden,China,33455526Ts$g|MK',2025-04-02 21:33:10,2025-10-10 09:57:36
160,Kriste,Casaro,Female,1984-05-21 05:40:41,China,Poland,79736773(vV>9&P/,2025-04-04 09:03:38,2024-12-21 05:10:22
161,Marietta,Tresise,Male,1975-04-24 14:48:22,Tanzania,Greece,71166318,2025-02-26 15:51:43,2025-09-09 00:11:02
162,Clement,Denham,Male,1953-07-13 08:44:02,Ukraine,South Africa,61277236vj'LRu,2025-08-10 07:43:44,2025-02-08 05:58:29
163,Bambi,Snowden,Female,1973-07-23 00:38:42,Indonesia,China,089963666v,2025-05-18 06:50:50,2025-10-14 03:03:27
164,Lenna,Morville,Female,1984-02-15 08:53:02,China,Mongolia,81203851d064K,2024-10-21 05:00:15,2025-05-02 07:03:11
165,Jule,Shorter,Male,1989-05-29 20:03:41,Indonesia,Nigeria,32881470.HiM&B,2025-01-05 20:59:12,2025-07-25 05:29:48
166,Allissa,Littlekit,Female,1989-08-20 07:53:06,Poland,Malaysia,"87853786""WPi",2025-08-16 15:55:00,2025-03-18 18:37:49
167,Arty,Kordas,Male,1915-04-22 13:51:27,Sweden,Germany,227741636e3Bh_>,2025-10-07 17:06:43,2024-11-30 12:23:43
168,Easter,Yearns,Female,1966-09-21 15:54:22,Republic of the Congo,Yemen,88985713+)Ni*m,2024-12-06 23:03:00,2025-04-19 01:50:54
169,Dare,Semerad,Male,1955-04-30 08:52:20,Zimbabwe,Bulgaria,50936596/P5,2025-04-08 18:28:36,2025-02-08 17:30:41
170,Josias,Brombell,Male,1989-08-03 19:15:47,Canada,Poland,55841438,2025-07-10 22:58:17,2025-07-07 14:28:54
171,Ramsay,Brodeau,Male,1981-12-07 04:15:48,Argentina,Russia,33082180OEURi9a,2024-10-15 14:55:43,2025-09-17 20:18:33
172,Joellyn,Houtby,Female,1939-02-18 21:55:22,Ireland,Colombia,84992392y5/1,2025-09-28 01:17:18,2025-05-17 18:14:43
173,Brigitta,Niece,Female,1934-09-10 08:41:58,China,China,"15356772Hn"".E",2025-09-21 03:29:38,2025-06-22 10:54:50
174,Dionis,Mulvagh,Female,1985-06-08 07:49:53,El Salvador,Sweden,44086186!b/!XC,2025-08-16 21:48:15,2025-02-16 22:42:54
175,Udell,Maruska,Male,1916-07-31 23:50:11,Poland,China,52487921$G'},2025-09-14 23:10:40,2025-07-19 15:36:08
176,Pinchas,Vlasin,Male,1924-01-24 13:14:33,Argentina,Ukraine,36127700gUT,2025-08-07 14:24:22,2024-11-19 10:30:36
177,Amory,Crilley,Male,1955-06-02 03:52:17,Philippines,Indonesia,05657106'&cE,2025-05-02 22:51:20,2025-05-11 03:08:14
178,Clifford,Westmerland,Male,1943-04-25 19:34:25,Costa Rica,Belgium,69828140e,2025-04-27 23:48:41,2024-12-15 05:43:43
179,Mortie,Crownshaw,Male,1973-08-12 14:48:11,Russia,Indonesia,"84140736M,t""l",2025-09-02 12:07:14,2025-05-22 05:54:38
180,Talbert,Dunton,Male,2021-11-24 20:32:05,Russia,Cape Verde,55632690x,2025-01-24 20:51:33,2025-04-30 04:04:06
181,Angele,Astman,Female,1954-08-01 03:48:30,Ukraine,Japan,082143142(XJ`7,2025-06-19 07:54:49,2025-02-04 03:42:58
182,Jamal,Knifton,Male,1946-03-07 15:03:22,Peru,Russia,95248131DRK/%PhG,2025-04-27 18:27:36,2025-09-01 21:38:06
183,Rey,Simmens,Male,2003-01-10 00:28:04,France,Pakistan,12260238@,2025-05-04 19:40:54,2024-11-23 13:33:07
184,Pierce,Shears,Male,1960-10-15 22:59:08,Portugal,China,00577767'<b,2025-08-15 07:21:11,2025-04-12 03:41:51
185,Roosevelt,Blayney,Male,1981-02-26 03:14:18,Philippines,Libya,87447885|c,2025-02-26 01:36:11,2025-06-26 12:35:22
186,Melonie,Adenet,Female,1948-01-27 13:05:54,Greece,Luxembourg,21470366jz`5Bj,2024-12-24 00:18:16,2025-05-01 13:01:49
187,Emmerich,Garret,Male,1932-08-05 22:13:15,Brazil,Russia,32659107,2025-06-11 06:48:08,2024-12-07 21:12:26
188,De witt,Rzehorz,Male,1947-03-10 20:12:13,France,France,237605379mFr\,2024-12-29 23:18:20,2025-06-09 14:38:18
189,Gleda,Spedding,Female,2021-12-23 03:58:34,Indonesia,China,22613124+3c$%<}Q,2025-01-05 22:26:14,2025-06-09 08:05:46
190,Isac,Mattheus,Male,1981-09-28 01:08:04,Russia,China,68883984l2+JiI,2025-01-13 11:35:58,2025-03-20 20:50:14
191,Stafani,Largan,Female,1962-06-08 07:23:03,Argentina,Philippines,87572694o/WTu>B,2024-11-22 16:42:42,2025-07-03 01:59:40
192,Swen,Ubsdall,Male,1937-11-02 19:00:00,Indonesia,Ireland,22379894,2025-08-16 08:57:33,2024-10-22 07:23:12
193,Mickie,Breache,Male,1989-11-06 18:51:30,Argentina,Philippines,865789542LzS6tp,2025-03-23 08:46:39,2025-05-04 07:37:01
194,Paulie,Tawn,Male,2005-03-14 09:42:54,Peru,China,73494896d?p,2024-11-03 11:49:46,2025-10-03 09:01:10
195,Mickie,Bragg,Female,1946-11-20 21:10:04,Nepal,China,85380278*SwVYw$,2025-05-18 00:02:40,2025-06-09 18:14:35
196,Bing,Birt,Male,1953-07-12 13:27:06,Colombia,Kazakhstan,63908617O&hvP),2025-06-03 15:34:31,2024-11-22 17:24:00
197,Janet,Gallihawk,Female,1963-11-13 03:16:54,France,Russia,"93784469,7",2024-11-25 00:26:40,2025-02-20 03:01:31
198,Terrill,Gummer,Male,1919-08-02 14:53:46,Pakistan,Philippines,118344454qA`dq9,2024-11-03 12:04:26,2025-07-04 20:20:29
199,Marcelline,Rist,Female,1958-03-14 08:49:55,Macedonia,Uruguay,02634298K+,2025-03-31 03:02:57,2025-06-01 06:44:25
200,Robbie,Filon,Male,2011-06-29 12:03:43,Japan,Poland,35602212/f8Ow,2025-01-09 10:09:37,2025-01-11 08:37:03
